model_id,family,task,engine,license_status,default_safe,install_extra,registry_status,execution_status,final_state,blocker_code,blocker_category,evidence_artifact,evidence_source,run_mode,should_be_called_in_notebook,called_in_notebook,notebook_call_count,notebook_paths,notebook_call_types,notebook_execution_status,notebook_evidence_artifacts,output_artifact_exists,current_run_id,stale_from_previous_run,missing_from_notebook_reason,exact_exception_type,attempted_command,sidecar_name,sidecar_python_version,sidecar_torch_version,cuda_required,cuda_observed,manual_fix_command,evidence_source_kind,called_in_current_notebook_run,current_run_call_count,current_run_artifact_exists,historical_artifact_used_as_fallback,evidence_is_current_run_file,historical_path_detected,historical_path_pattern
agriclip,agriclip,embed,,check,False,,audit_only,not_advertised,not_advertised,AUDIT_ONLY,registry,notebook/_runs/20260519T200000Z_v243/reports/agriclip_status.json,current_run,blocked,True,True,2,06_embedding_similarity/Embedding_Similarity_Demo.ipynb|08_agriculture/Agriculture_Demo.ipynb,skipped_with_reason|status,executed|skipped_deprecated,notebook/_runs/20260519T200000Z_v243/reports/agriclip_status.json,True,20260519T200000Z_v243,False,,,,,,,,,,current_run,True,2,True,False,False,False,
anomalib-patchcore,anomalib,anomaly,,Apache-2.0,True,,sidecar_required,sidecar_required,sidecar_required,SIDECAR_ENV_MISSING,sidecar,10_anomaly_industrial/reports/20260519T200000Z_v243_anomalib-patchcore_current_run.json,current_run,blocked,True,True,1,10_anomaly_industrial/Anomaly_Industrial_Status.ipynb,sidecar_status,executed,10_anomaly_industrial/reports/20260519T200000Z_v243_anomalib-patchcore_current_run.json,True,20260519T200000Z_v243,False,,,,,,,,,,current_run,True,1,True,False,False,False,
bytetrack,bytetrack,track,,MIT,False,,sidecar_required,sidecar_required,sidecar_required,SIDECAR_ENV_MISSING,sidecar,12_libreyolo/reports/20260519T200000Z_v243_bytetrack_current_run.json,current_run,blocked,True,True,1,12_libreyolo/LibreYOLO_Audit_and_Smoke.ipynb,sidecar_status,executed,12_libreyolo/reports/20260519T200000Z_v243_bytetrack_current_run.json,True,20260519T200000Z_v243,False,,,,,,,,,,current_run,True,1,True,False,False,False,
clip-vit-base-patch32,clip,embed,,MIT,True,,wired,smoke_passed,smoke_passed,,none,/home/arash/PycharmProjects/VisionServeX/notebook/_runs/20260519T200000Z_v243/reports/clip-vit-base-patch32_smoke.json,current_run,smoke,True,True,3,06_embedding_similarity/Embedding_Similarity_Demo.ipynb,smoke,executed,/home/arash/PycharmProjects/VisionServeX/notebook/_runs/20260519T200000Z_v243/reports/clip-vit-base-patch32_smoke.json|06_embedding_similarity/reports/20260519T200000Z_v243_clip-vit-base-patch32_current_run.json|reports/canonical_smoke_summary_v230.json,True,20260519T200000Z_v243,False,,,,,,,,,,current_run,True,3,True,False,True,False,
clip-vit-large-patch14,clip,embed,,MIT,True,,wired,smoke_passed,smoke_passed,,none,/home/arash/PycharmProjects/VisionServeX/notebook/_runs/20260519T200000Z_v243/reports/clip-vit-large-patch14_smoke.json,current_run,smoke,True,True,3,06_embedding_similarity/Embedding_Similarity_Demo.ipynb,smoke,executed,/home/arash/PycharmProjects/VisionServeX/notebook/_runs/20260519T200000Z_v243/reports/clip-vit-large-patch14_smoke.json|06_embedding_similarity/reports/20260519T200000Z_v243_clip-vit-large-patch14_current_run.json|reports/canonical_smoke_summary_v230.json,True,20260519T200000Z_v243,False,,,,,,,,,,current_run,True,3,True,False,True,False,
co-dino-inst-vit-l-coco,co-dino,segment,,Apache-2.0,False,,sidecar_required,sidecar_required,sidecar_required,OPENMMLAB_REQUIRED,sidecar,02_automatic_segmentation/reports/20260519T200000Z_v243_co-dino-inst-vit-l-coco_current_run.json,current_run,blocked,True,True,2,02_automatic_segmentation/Automatic_Segmentation_Benchmark.ipynb,sidecar_status|skipped_with_reason,executed|skipped_sidecar_unavailable,02_automatic_segmentation/reports/20260519T200000Z_v243_co-dino-inst-vit-l-coco_current_run.json,True,20260519T200000Z_v243,False,,,,,,,,,,current_run,True,2,True,False,True,False,
co-dino-inst-vit-l-lvis,codetr,segment,,Apache-2.0,True,,sidecar_required,sidecar_required,sidecar_required,OPENMMLAB_REQUIRED,sidecar,02_automatic_segmentation/reports/20260519T200000Z_v243_co-dino-inst-vit-l-lvis_current_run.json,current_run,blocked,True,True,2,02_automatic_segmentation/Automatic_Segmentation_Benchmark.ipynb,sidecar_status|skipped_with_reason,executed|skipped_sidecar_unavailable,02_automatic_segmentation/reports/20260519T200000Z_v243_co-dino-inst-vit-l-lvis_current_run.json,True,20260519T200000Z_v243,False,,,,,,,,,,current_run,True,2,True,False,True,False,
convnextv2-base,convnextv2,classify,,Apache-2.0,True,,wired,smoke_passed,smoke_passed,,none,/home/arash/PycharmProjects/VisionServeX/notebook/_runs/20260519T200000Z_v243/reports/convnextv2-base_smoke.json,current_run,smoke,True,True,3,05_classification/Classification_Smoke.ipynb,smoke,executed,/home/arash/PycharmProjects/VisionServeX/notebook/_runs/20260519T200000Z_v243/reports/convnextv2-base_smoke.json|05_classification/reports/20260519T200000Z_v243_convnextv2-base_current_run.json|reports/canonical_smoke_summary_v230.json,True,20260519T200000Z_v243,False,,,,,,,,,,current_run,True,3,True,False,True,False,
convnextv2-large,convnextv2,classify,,Apache-2.0,True,,wired,smoke_passed,smoke_passed,,none,/home/arash/PycharmProjects/VisionServeX/notebook/_runs/20260519T200000Z_v243/reports/convnextv2-large_smoke.json,current_run,smoke,True,True,3,05_classification/Classification_Smoke.ipynb,smoke,executed,/home/arash/PycharmProjects/VisionServeX/notebook/_runs/20260519T200000Z_v243/reports/convnextv2-large_smoke.json|05_classification/reports/20260519T200000Z_v243_convnextv2-large_current_run.json|reports/canonical_smoke_summary_v230.json,True,20260519T200000Z_v243,False,,,,,,,,,,current_run,True,3,True,False,True,False,
convnextv2-tiny,convnextv2,classify,,Apache-2.0,True,,wired,smoke_passed,smoke_passed,,none,/home/arash/PycharmProjects/VisionServeX/notebook/_runs/20260519T200000Z_v243/reports/convnextv2-tiny_smoke.json,current_run,smoke,True,True,3,05_classification/Classification_Smoke.ipynb,smoke,executed,/home/arash/PycharmProjects/VisionServeX/notebook/_runs/20260519T200000Z_v243/reports/convnextv2-tiny_smoke.json|05_classification/reports/20260519T200000Z_v243_convnextv2-tiny_current_run.json|reports/canonical_smoke_summary_v230.json,True,20260519T200000Z_v243,False,,,,,,,,,,current_run,True,3,True,False,True,False,
deim-m,deim,detect,,Apache-2.0,True,,do_not_add,upstream_deprecated,upstream_deprecated,UPSTREAM_DEPRECATED,external,notebook/_runs/20260519T200000Z_v243/reports/deim_m_status.json,current_run,blocked,True,True,3,01_object_detection/Object_Detection_Benchmark.ipynb,skipped_with_reason|status,executed|skipped_deprecated,notebook/_runs/20260519T200000Z_v243/reports/deim_m_status.json,True,20260519T200000Z_v243,False,,,,,,,,,,current_run,True,3,True,False,True,False,
deim-s,deim,detect,,Apache-2.0,True,,do_not_add,upstream_deprecated,upstream_deprecated,UPSTREAM_DEPRECATED,external,notebook/_runs/20260519T200000Z_v243/reports/deim_s_status.json,current_run,blocked,True,True,3,01_object_detection/Object_Detection_Benchmark.ipynb,skipped_with_reason|status,executed|skipped_deprecated,notebook/_runs/20260519T200000Z_v243/reports/deim_s_status.json,True,20260519T200000Z_v243,False,,,,,,,,,,current_run,True,3,True,False,True,False,
deimv2-atto,deimv2,detect,,Apache-2.0,True,,wired,benchmark_passed,benchmark_passed,,none,/home/arash/PycharmProjects/VisionServeX/notebook/_runs/20260519T200000Z_v243/reports/deimv2_atto_bench.json,current_run,benchmark,True,True,3,01_object_detection/Object_Detection_Benchmark.ipynb,benchmark|smoke,executed|executed_blocked,/home/arash/PycharmProjects/VisionServeX/notebook/_runs/20260519T200000Z_v243/reports/deimv2_atto_bench.json|01_object_detection/reports/20260519T200000Z_v243_deimv2-atto_current_run.json|reports/v237_deimv2_smaller_detection_400.json,True,20260519T200000Z_v243,False,,,,,,,,,,current_run,True,3,True,False,True,False,
deimv2-femto,deimv2,detect,,Apache-2.0,True,,wired,benchmark_passed,benchmark_passed,,none,/home/arash/PycharmProjects/VisionServeX/notebook/_runs/20260519T200000Z_v243/reports/deimv2_femto_bench.json,current_run,benchmark,True,True,3,01_object_detection/Object_Detection_Benchmark.ipynb,benchmark|smoke,executed|executed_blocked,/home/arash/PycharmProjects/VisionServeX/notebook/_runs/20260519T200000Z_v243/reports/deimv2_femto_bench.json|01_object_detection/reports/20260519T200000Z_v243_deimv2-femto_current_run.json|reports/v237_deimv2_smaller_detection_400.json,True,20260519T200000Z_v243,False,,,,,,,,,,current_run,True,3,True,False,True,False,
deimv2-l,deimv2,detect,,Apache-2.0,True,,audit_only,benchmark_passed,benchmark_passed,,none,/home/arash/PycharmProjects/VisionServeX/notebook/_runs/20260519T200000Z_v243/reports/deimv2_l_bench.json,current_run,benchmark,True,True,3,01_object_detection/Object_Detection_Benchmark.ipynb,benchmark|smoke,executed|executed_blocked,/home/arash/PycharmProjects/VisionServeX/notebook/_runs/20260519T200000Z_v243/reports/deimv2_l_bench.json|01_object_detection/reports/20260519T200000Z_v243_deimv2-l_current_run.json|reports/deimv2_detection_400_v235.json,True,20260519T200000Z_v243,False,,,,,,,,,,current_run,True,3,True,False,True,False,
deimv2-m,deimv2,detect,,Apache-2.0,True,,audit_only,benchmark_passed,benchmark_passed,,none,/home/arash/PycharmProjects/VisionServeX/notebook/_runs/20260519T200000Z_v243/reports/deimv2_m_bench.json,current_run,benchmark,True,True,3,01_object_detection/Object_Detection_Benchmark.ipynb,benchmark|smoke,executed|executed_blocked,/home/arash/PycharmProjects/VisionServeX/notebook/_runs/20260519T200000Z_v243/reports/deimv2_m_bench.json|01_object_detection/reports/20260519T200000Z_v243_deimv2-m_current_run.json|reports/deimv2_detection_400_v235.json,True,20260519T200000Z_v243,False,,,,,,,,,,current_run,True,3,True,False,True,False,
deimv2-n,deimv2,detect,,Apache-2.0,True,,wired,loader_missing,loader_missing,CHECKPOINT_STATE_DICT_MISMATCH,checkpoint,01_object_detection/reports/20260519T200000Z_v243_deimv2-n_current_run.json,current_run,blocked,True,True,1,01_object_detection/Object_Detection_Benchmark.ipynb,status,executed_blocked,01_object_detection/reports/20260519T200000Z_v243_deimv2-n_current_run.json,True,20260519T200000Z_v243,False,,,,,,,,,,current_run,True,1,True,False,True,False,
deimv2-pico,deimv2,detect,,Apache-2.0,True,,wired,benchmark_passed,benchmark_passed,,none,/home/arash/PycharmProjects/VisionServeX/notebook/_runs/20260519T200000Z_v243/reports/deimv2_pico_bench.json,current_run,benchmark,True,True,3,01_object_detection/Object_Detection_Benchmark.ipynb,benchmark|smoke,executed|executed_blocked,/home/arash/PycharmProjects/VisionServeX/notebook/_runs/20260519T200000Z_v243/reports/deimv2_pico_bench.json|01_object_detection/reports/20260519T200000Z_v243_deimv2-pico_current_run.json|reports/v237_deimv2_smaller_detection_400.json,True,20260519T200000Z_v243,False,,,,,,,,,,current_run,True,3,True,False,True,False,
deimv2-s,deimv2,detect,,Apache-2.0,False,,audit_only,benchmark_passed,benchmark_passed,,none,/home/arash/PycharmProjects/VisionServeX/notebook/_runs/20260519T200000Z_v243/reports/deimv2_s_bench.json,current_run,benchmark,True,True,3,01_object_detection/Object_Detection_Benchmark.ipynb,benchmark|smoke,executed|executed_blocked,/home/arash/PycharmProjects/VisionServeX/notebook/_runs/20260519T200000Z_v243/reports/deimv2_s_bench.json|01_object_detection/reports/20260519T200000Z_v243_deimv2-s_current_run.json|reports/deimv2_detection_400_v235.json,True,20260519T200000Z_v243,False,,,,,,,,,,current_run,True,3,True,False,True,False,
deimv2-x,deimv2,detect,,Apache-2.0,True,,audit_only,benchmark_passed,benchmark_passed,,none,/home/arash/PycharmProjects/VisionServeX/notebook/_runs/20260519T200000Z_v243/reports/deimv2_x_bench.json,current_run,benchmark,True,True,3,01_object_detection/Object_Detection_Benchmark.ipynb,benchmark|smoke,executed|executed_blocked,/home/arash/PycharmProjects/VisionServeX/notebook/_runs/20260519T200000Z_v243/reports/deimv2_x_bench.json|01_object_detection/reports/20260519T200000Z_v243_deimv2-x_current_run.json|reports/deimv2_detection_400_v235.json,True,20260519T200000Z_v243,False,,,,,,,,,,current_run,True,3,True,False,True,False,
dfine-l,dfine,detect,,Apache-2.0,True,,wired,smoke_passed,smoke_passed,,none,/home/arash/PycharmProjects/VisionServeX/notebook/_runs/20260519T200000Z_v243/reports/dfine-l_smoke.json,current_run,smoke,True,True,3,01_object_detection/Object_Detection_Benchmark.ipynb,smoke,executed,/home/arash/PycharmProjects/VisionServeX/notebook/_runs/20260519T200000Z_v243/reports/dfine-l_smoke.json|01_object_detection/reports/20260519T200000Z_v243_dfine-l_current_run.json|reports/canonical_smoke_summary_v230.json,True,20260519T200000Z_v243,False,,,,,,,,,,current_run,True,3,True,False,True,False,
dfine-l-coco,dfine,detect,,Apache-2.0,True,,wired,smoke_passed,smoke_passed,,none,/home/arash/PycharmProjects/VisionServeX/notebook/_runs/20260519T200000Z_v243/reports/dfine-l-coco_smoke.json,current_run,smoke,True,True,3,01_object_detection/Object_Detection_Benchmark.ipynb,smoke,executed,/home/arash/PycharmProjects/VisionServeX/notebook/_runs/20260519T200000Z_v243/reports/dfine-l-coco_smoke.json|01_object_detection/reports/20260519T200000Z_v243_dfine-l-coco_current_run.json|reports/canonical_smoke_summary_v230.json,True,20260519T200000Z_v243,False,,,,,,,,,,current_run,True,3,True,False,True,False,
dfine-l-o365-coco,dfine,detect,,Apache-2.0,True,,wired,smoke_passed,smoke_passed,,none,/home/arash/PycharmProjects/VisionServeX/notebook/_runs/20260519T200000Z_v243/reports/dfine-l-o365-coco_smoke.json,current_run,smoke,True,True,3,01_object_detection/Object_Detection_Benchmark.ipynb,smoke,executed,/home/arash/PycharmProjects/VisionServeX/notebook/_runs/20260519T200000Z_v243/reports/dfine-l-o365-coco_smoke.json|01_object_detection/reports/20260519T200000Z_v243_dfine-l-o365-coco_current_run.json|reports/canonical_smoke_summary_v230.json,True,20260519T200000Z_v243,False,,,,,,,,,,current_run,True,3,True,False,True,False,
dfine-m,dfine,detect,,Apache-2.0,True,,wired,smoke_passed,smoke_passed,,none,/home/arash/PycharmProjects/VisionServeX/notebook/_runs/20260519T200000Z_v243/reports/dfine-m_smoke.json,current_run,smoke,True,True,3,01_object_detection/Object_Detection_Benchmark.ipynb,smoke,executed,/home/arash/PycharmProjects/VisionServeX/notebook/_runs/20260519T200000Z_v243/reports/dfine-m_smoke.json|01_object_detection/reports/20260519T200000Z_v243_dfine-m_current_run.json|reports/canonical_smoke_summary_v230.json,True,20260519T200000Z_v243,False,,,,,,,,,,current_run,True,3,True,False,True,False,
dfine-m-coco,dfine,detect,,Apache-2.0,True,,wired,smoke_passed,smoke_passed,,none,/home/arash/PycharmProjects/VisionServeX/notebook/_runs/20260519T200000Z_v243/reports/dfine-m-coco_smoke.json,current_run,smoke,True,True,3,01_object_detection/Object_Detection_Benchmark.ipynb,smoke,executed,/home/arash/PycharmProjects/VisionServeX/notebook/_runs/20260519T200000Z_v243/reports/dfine-m-coco_smoke.json|01_object_detection/reports/20260519T200000Z_v243_dfine-m-coco_current_run.json|reports/canonical_smoke_summary_v230.json,True,20260519T200000Z_v243,False,,,,,,,,,,current_run,True,3,True,False,True,False,
dfine-m-o365-coco,dfine,detect,,Apache-2.0,True,,wired,smoke_passed,smoke_passed,,none,/home/arash/PycharmProjects/VisionServeX/notebook/_runs/20260519T200000Z_v243/reports/dfine-m-o365-coco_smoke.json,current_run,smoke,True,True,3,01_object_detection/Object_Detection_Benchmark.ipynb,smoke,executed,/home/arash/PycharmProjects/VisionServeX/notebook/_runs/20260519T200000Z_v243/reports/dfine-m-o365-coco_smoke.json|01_object_detection/reports/20260519T200000Z_v243_dfine-m-o365-coco_current_run.json|reports/canonical_smoke_summary_v230.json,True,20260519T200000Z_v243,False,,,,,,,,,,current_run,True,3,True,False,True,False,
dfine-n,dfine,detect,,Apache-2.0,True,,wired,smoke_passed,smoke_passed,,none,/home/arash/PycharmProjects/VisionServeX/notebook/_runs/20260519T200000Z_v243/reports/dfine-n_smoke.json,current_run,smoke,True,True,3,01_object_detection/Object_Detection_Benchmark.ipynb,smoke,executed,/home/arash/PycharmProjects/VisionServeX/notebook/_runs/20260519T200000Z_v243/reports/dfine-n_smoke.json|01_object_detection/reports/20260519T200000Z_v243_dfine-n_current_run.json|reports/canonical_smoke_summary_v230.json,True,20260519T200000Z_v243,False,,,,,,,,,,current_run,True,3,True,False,True,False,
dfine-n-coco,dfine,detect,,Apache-2.0,True,,wired,smoke_passed,smoke_passed,,none,/home/arash/PycharmProjects/VisionServeX/notebook/_runs/20260519T200000Z_v243/reports/dfine-n-coco_smoke.json,current_run,smoke,True,True,3,01_object_detection/Object_Detection_Benchmark.ipynb,smoke,executed,/home/arash/PycharmProjects/VisionServeX/notebook/_runs/20260519T200000Z_v243/reports/dfine-n-coco_smoke.json|01_object_detection/reports/20260519T200000Z_v243_dfine-n-coco_current_run.json|reports/canonical_smoke_summary_v230.json,True,20260519T200000Z_v243,False,,,,,,,,,,current_run,True,3,True,False,True,False,
dfine-s,dfine,detect,,Apache-2.0,True,,wired,smoke_passed,smoke_passed,,none,/home/arash/PycharmProjects/VisionServeX/notebook/_runs/20260519T200000Z_v243/reports/dfine-s_smoke.json,current_run,smoke,True,True,3,01_object_detection/Object_Detection_Benchmark.ipynb,smoke,executed,/home/arash/PycharmProjects/VisionServeX/notebook/_runs/20260519T200000Z_v243/reports/dfine-s_smoke.json|01_object_detection/reports/20260519T200000Z_v243_dfine-s_current_run.json|reports/canonical_smoke_summary_v230.json,True,20260519T200000Z_v243,False,,,,,,,,,,current_run,True,3,True,False,True,False,
dfine-s-coco,dfine,detect,,Apache-2.0,True,,wired,smoke_passed,smoke_passed,,none,/home/arash/PycharmProjects/VisionServeX/notebook/_runs/20260519T200000Z_v243/reports/dfine-s-coco_smoke.json,current_run,smoke,True,True,3,01_object_detection/Object_Detection_Benchmark.ipynb,smoke,executed,/home/arash/PycharmProjects/VisionServeX/notebook/_runs/20260519T200000Z_v243/reports/dfine-s-coco_smoke.json|01_object_detection/reports/20260519T200000Z_v243_dfine-s-coco_current_run.json|reports/canonical_smoke_summary_v230.json,True,20260519T200000Z_v243,False,,,,,,,,,,current_run,True,3,True,False,True,False,
dfine-s-o365-coco,dfine,detect,,Apache-2.0,True,,wired,smoke_passed,smoke_passed,,none,/home/arash/PycharmProjects/VisionServeX/notebook/_runs/20260519T200000Z_v243/reports/dfine-s-o365-coco_smoke.json,current_run,smoke,True,True,3,01_object_detection/Object_Detection_Benchmark.ipynb,smoke,executed,/home/arash/PycharmProjects/VisionServeX/notebook/_runs/20260519T200000Z_v243/reports/dfine-s-o365-coco_smoke.json|01_object_detection/reports/20260519T200000Z_v243_dfine-s-o365-coco_current_run.json|reports/canonical_smoke_summary_v230.json,True,20260519T200000Z_v243,False,,,,,,,,,,current_run,True,3,True,False,True,False,
dfine-x,dfine,detect,,Apache-2.0,True,,wired,smoke_passed,smoke_passed,,none,/home/arash/PycharmProjects/VisionServeX/notebook/_runs/20260519T200000Z_v243/reports/dfine-x_smoke.json,current_run,smoke,True,True,3,01_object_detection/Object_Detection_Benchmark.ipynb,smoke,executed,/home/arash/PycharmProjects/VisionServeX/notebook/_runs/20260519T200000Z_v243/reports/dfine-x_smoke.json|01_object_detection/reports/20260519T200000Z_v243_dfine-x_current_run.json|reports/canonical_smoke_summary_v230.json,True,20260519T200000Z_v243,False,,,,,,,,,,current_run,True,3,True,False,True,False,
dfine-x-coco,dfine,detect,,Apache-2.0,True,,wired,smoke_passed,smoke_passed,,none,/home/arash/PycharmProjects/VisionServeX/notebook/_runs/20260519T200000Z_v243/reports/dfine-x-coco_smoke.json,current_run,smoke,True,True,3,01_object_detection/Object_Detection_Benchmark.ipynb,smoke,executed,/home/arash/PycharmProjects/VisionServeX/notebook/_runs/20260519T200000Z_v243/reports/dfine-x-coco_smoke.json|01_object_detection/reports/20260519T200000Z_v243_dfine-x-coco_current_run.json|reports/canonical_smoke_summary_v230.json,True,20260519T200000Z_v243,False,,,,,,,,,,current_run,True,3,True,False,True,False,
dfine-x-o365-coco,dfine,detect,,Apache-2.0,True,,wired,smoke_passed,smoke_passed,,none,/home/arash/PycharmProjects/VisionServeX/notebook/_runs/20260519T200000Z_v243/reports/dfine-x-o365-coco_smoke.json,current_run,smoke,True,True,3,01_object_detection/Object_Detection_Benchmark.ipynb,smoke,executed,/home/arash/PycharmProjects/VisionServeX/notebook/_runs/20260519T200000Z_v243/reports/dfine-x-o365-coco_smoke.json|01_object_detection/reports/20260519T200000Z_v243_dfine-x-o365-coco_current_run.json|reports/canonical_smoke_summary_v230.json,True,20260519T200000Z_v243,False,,,,,,,,,,current_run,True,3,True,False,True,False,
dino-x-api,dino-x,open_vocab_detect,,Custom,False,,external_api,external_api_only,external_api_only,EXTERNAL_API_REQUIRED,external_api,04_open_vocab_vlm/reports/20260519T200000Z_v243_dino-x-api_current_run.json,current_run,blocked,True,True,1,04_open_vocab_vlm/Open_Vocab_VLM_Demo.ipynb,auth_gate,executed,04_open_vocab_vlm/reports/20260519T200000Z_v243_dino-x-api_current_run.json,True,20260519T200000Z_v243,False,,,,,,,,,,current_run,True,1,True,False,False,False,
dinov2-base,dinov2,embed,,Apache-2.0,True,,wired,smoke_passed,smoke_passed,,none,/home/arash/PycharmProjects/VisionServeX/notebook/_runs/20260519T200000Z_v243/reports/dinov2-base_smoke.json,current_run,smoke,True,True,3,06_embedding_similarity/Embedding_Similarity_Demo.ipynb,smoke,executed,/home/arash/PycharmProjects/VisionServeX/notebook/_runs/20260519T200000Z_v243/reports/dinov2-base_smoke.json|06_embedding_similarity/reports/20260519T200000Z_v243_dinov2-base_current_run.json|reports/canonical_smoke_summary_v230.json,True,20260519T200000Z_v243,False,,,,,,,,,,current_run,True,3,True,False,True,False,
dinov2-giant,dinov2,embed,,Apache-2.0,True,,wired,smoke_passed,smoke_passed,,none,/home/arash/PycharmProjects/VisionServeX/notebook/_runs/20260519T200000Z_v243/reports/dinov2-giant_smoke.json,current_run,smoke,True,True,3,06_embedding_similarity/Embedding_Similarity_Demo.ipynb,smoke,executed,/home/arash/PycharmProjects/VisionServeX/notebook/_runs/20260519T200000Z_v243/reports/dinov2-giant_smoke.json|06_embedding_similarity/reports/20260519T200000Z_v243_dinov2-giant_current_run.json|reports/canonical_smoke_summary_v230.json,True,20260519T200000Z_v243,False,,,,,,,,,,current_run,True,3,True,False,True,False,
dinov2-large,dinov2,embed,,Apache-2.0,True,,wired,smoke_passed,smoke_passed,,none,/home/arash/PycharmProjects/VisionServeX/notebook/_runs/20260519T200000Z_v243/reports/dinov2-large_smoke.json,current_run,smoke,True,True,3,06_embedding_similarity/Embedding_Similarity_Demo.ipynb,smoke,executed,/home/arash/PycharmProjects/VisionServeX/notebook/_runs/20260519T200000Z_v243/reports/dinov2-large_smoke.json|06_embedding_similarity/reports/20260519T200000Z_v243_dinov2-large_current_run.json|reports/canonical_smoke_summary_v230.json,True,20260519T200000Z_v243,False,,,,,,,,,,current_run,True,3,True,False,True,False,
dinov2-small,dinov2,embed,,Apache-2.0,True,,wired,smoke_passed,smoke_passed,,none,/home/arash/PycharmProjects/VisionServeX/notebook/_runs/20260519T200000Z_v243/reports/dinov2-small_smoke.json,current_run,smoke,True,True,3,06_embedding_similarity/Embedding_Similarity_Demo.ipynb,smoke,executed,/home/arash/PycharmProjects/VisionServeX/notebook/_runs/20260519T200000Z_v243/reports/dinov2-small_smoke.json|06_embedding_similarity/reports/20260519T200000Z_v243_dinov2-small_current_run.json|reports/canonical_smoke_summary_v230.json,True,20260519T200000Z_v243,False,,,,,,,,,,current_run,True,3,True,False,True,False,
dinov3-vitb16,dinov3,embed,,Apache-2.0,False,,audit_only,not_advertised,not_advertised,AUDIT_ONLY,registry,notebook/_runs/20260519T200000Z_v243/reports/dinov3_vitb16_status.json,current_run,blocked,True,True,2,06_embedding_similarity/Embedding_Similarity_Demo.ipynb,skipped_with_reason|status,executed|skipped_deprecated,notebook/_runs/20260519T200000Z_v243/reports/dinov3_vitb16_status.json,True,20260519T200000Z_v243,False,,,,,,,,,,current_run,True,2,True,False,False,False,
edgesam,edgesam,foundation_segment,,Apache-2.0,True,,sidecar_required,sidecar_required,sidecar_required,SIDECAR_ENV_MISSING,sidecar,03_promptable_segmentation/reports/20260519T200000Z_v243_edgesam_current_run.json,current_run,blocked,True,True,1,03_promptable_segmentation/Promptable_Segmentation_Benchmark.ipynb,sidecar_status,executed,03_promptable_segmentation/reports/20260519T200000Z_v243_edgesam_current_run.json,True,20260519T200000Z_v243,False,,,,,,,,,,current_run,True,1,True,False,False,False,
efficientsam,efficientsam,foundation_segment,,Apache-2.0,True,,sidecar_required,sidecar_required,sidecar_required,SIDECAR_ENV_MISSING,sidecar,03_promptable_segmentation/reports/20260519T200000Z_v243_efficientsam_current_run.json,current_run,blocked,True,True,1,03_promptable_segmentation/Promptable_Segmentation_Benchmark.ipynb,sidecar_status,executed,03_promptable_segmentation/reports/20260519T200000Z_v243_efficientsam_current_run.json,True,20260519T200000Z_v243,False,,,,,,,,,,current_run,True,1,True,False,False,False,
fastsam-s,fastsam,foundation_segment,,AGPL-3.0,False,,do_not_add,opt_in_license_required,opt_in_license_required,LICENSE_RESTRICTION_TRIGGERED,external,03_promptable_segmentation/reports/20260519T200000Z_v243_fastsam-s_current_run.json,current_run,blocked,True,True,1,03_promptable_segmentation/Promptable_Segmentation_Benchmark.ipynb,license_gate,executed,03_promptable_segmentation/reports/20260519T200000Z_v243_fastsam-s_current_run.json,True,20260519T200000Z_v243,False,,,,,,,,,,current_run,True,1,True,False,False,False,
fastsam-x,fastsam,foundation_segment,,AGPL-3.0,False,,do_not_add,opt_in_license_required,opt_in_license_required,LICENSE_RESTRICTION_TRIGGERED,external,03_promptable_segmentation/reports/20260519T200000Z_v243_fastsam-x_current_run.json,current_run,blocked,True,True,1,03_promptable_segmentation/Promptable_Segmentation_Benchmark.ipynb,license_gate,executed,03_promptable_segmentation/reports/20260519T200000Z_v243_fastsam-x_current_run.json,True,20260519T200000Z_v243,False,,,,,,,,,,current_run,True,1,True,False,False,False,
florence-2-base,florence-2,vlm,,MIT,True,,wired,demo_passed_sidecar,demo_passed_sidecar,,none,notebook/_runs/20260519T200000Z_v243/reports/florence2_base_caption.json,current_run,demo,True,True,2,04_open_vocab_vlm/Open_Vocab_VLM_Demo.ipynb,demo,executed,notebook/_runs/20260519T200000Z_v243/reports/florence2_base_caption.json|reports/v236_florence2_sidecar_create.json,True,20260519T200000Z_v243,False,,,,,,,,,,current_run,True,2,True,False,True,False,
florence-2-large,florence-2,vlm,,MIT,True,,wired,demo_passed_sidecar,demo_passed_sidecar,,none,notebook/_runs/20260519T200000Z_v243/reports/florence2_large_caption.json,current_run,demo,True,True,2,04_open_vocab_vlm/Open_Vocab_VLM_Demo.ipynb,demo,executed,notebook/_runs/20260519T200000Z_v243/reports/florence2_large_caption.json|reports/v236_florence2_sidecar_create.json,True,20260519T200000Z_v243,False,,,,,,,,,,current_run,True,2,True,False,True,False,
grounding-dino-1.5,grounding_dino,open_vocab,,Apache-2.0,False,,external_api,auth_required,auth_required,EXTERNAL_API_REQUIRED,auth,04_open_vocab_vlm/reports/20260519T200000Z_v243_grounding-dino-1_5_current_run.json,current_run,blocked,True,True,2,04_open_vocab_vlm/Open_Vocab_VLM_Demo.ipynb,auth_gate|skipped_with_reason,executed|skipped_external_auth,04_open_vocab_vlm/reports/20260519T200000Z_v243_grounding-dino-1_5_current_run.json,True,20260519T200000Z_v243,False,,,,,,,,,,current_run,True,2,True,False,True,False,
grounding-dino-1.5-pro,grounding-dino,open_vocab_detect,,Custom,False,,external_api,external_api_only,external_api_only,EXTERNAL_API_REQUIRED,external_api,04_open_vocab_vlm/reports/20260519T200000Z_v243_grounding-dino-1_5-pro_current_run.json,current_run,blocked,True,True,1,04_open_vocab_vlm/Open_Vocab_VLM_Demo.ipynb,auth_gate,executed,04_open_vocab_vlm/reports/20260519T200000Z_v243_grounding-dino-1_5-pro_current_run.json,True,20260519T200000Z_v243,False,,,,,,,,,,current_run,True,1,True,False,False,False,
grounding-dino-1.6,grounding_dino,open_vocab,,Apache-2.0,False,,external_api,auth_required,auth_required,EXTERNAL_API_REQUIRED,auth,04_open_vocab_vlm/reports/20260519T200000Z_v243_grounding-dino-1_6_current_run.json,current_run,blocked,True,True,2,04_open_vocab_vlm/Open_Vocab_VLM_Demo.ipynb,auth_gate|skipped_with_reason,executed|skipped_external_auth,04_open_vocab_vlm/reports/20260519T200000Z_v243_grounding-dino-1_6_current_run.json,True,20260519T200000Z_v243,False,,,,,,,,,,current_run,True,2,True,False,True,False,
grounding-dino-1.6-pro,grounding-dino,open_vocab_detect,,Custom,False,,external_api,external_api_only,external_api_only,EXTERNAL_API_REQUIRED,external_api,04_open_vocab_vlm/reports/20260519T200000Z_v243_grounding-dino-1_6-pro_current_run.json,current_run,blocked,True,True,1,04_open_vocab_vlm/Open_Vocab_VLM_Demo.ipynb,auth_gate,executed,04_open_vocab_vlm/reports/20260519T200000Z_v243_grounding-dino-1_6-pro_current_run.json,True,20260519T200000Z_v243,False,,,,,,,,,,current_run,True,1,True,False,False,False,
grounding-dino-swin-b,grounding_dino,open_vocab,,Apache-2.0,True,,wired,smoke_passed,smoke_passed,,none,/home/arash/PycharmProjects/VisionServeX/notebook/_runs/20260519T200000Z_v243/reports/grounding-dino-swin-b_smoke.json,current_run,smoke,True,True,3,04_open_vocab_vlm/Open_Vocab_VLM_Demo.ipynb,smoke,executed,/home/arash/PycharmProjects/VisionServeX/notebook/_runs/20260519T200000Z_v243/reports/grounding-dino-swin-b_smoke.json|04_open_vocab_vlm/reports/20260519T200000Z_v243_grounding-dino-swin-b_current_run.json|reports/canonical_smoke_summary_v230.json,True,20260519T200000Z_v243,False,,,,,,,,,,current_run,True,3,True,False,True,False,
grounding-dino-swin-t,grounding_dino,open_vocab,,Apache-2.0,True,,wired,smoke_passed,smoke_passed,,none,/home/arash/PycharmProjects/VisionServeX/notebook/_runs/20260519T200000Z_v243/reports/grounding-dino-swin-t_smoke.json,current_run,smoke,True,True,3,04_open_vocab_vlm/Open_Vocab_VLM_Demo.ipynb,smoke,executed,/home/arash/PycharmProjects/VisionServeX/notebook/_runs/20260519T200000Z_v243/reports/grounding-dino-swin-t_smoke.json|04_open_vocab_vlm/reports/20260519T200000Z_v243_grounding-dino-swin-t_current_run.json|reports/canonical_smoke_summary_v230.json,True,20260519T200000Z_v243,False,,,,,,,,,,current_run,True,3,True,False,True,False,
grounding-dino-tiny,grounding_dino,open_vocab,,Apache-2.0,True,,wired,smoke_passed,smoke_passed,,none,/home/arash/PycharmProjects/VisionServeX/notebook/_runs/20260519T200000Z_v243/reports/grounding-dino-tiny_smoke.json,current_run,smoke,True,True,3,04_open_vocab_vlm/Open_Vocab_VLM_Demo.ipynb,smoke,executed,/home/arash/PycharmProjects/VisionServeX/notebook/_runs/20260519T200000Z_v243/reports/grounding-dino-tiny_smoke.json|04_open_vocab_vlm/reports/20260519T200000Z_v243_grounding-dino-tiny_current_run.json|reports/canonical_smoke_summary_v230.json,True,20260519T200000Z_v243,False,,,,,,,,,,current_run,True,3,True,False,True,False,
hq-sam,hq-sam,foundation_segment,,Apache-2.0,True,,sidecar_required,sidecar_required,sidecar_required,SIDECAR_ENV_MISSING,sidecar,03_promptable_segmentation/reports/20260519T200000Z_v243_hq-sam_current_run.json,current_run,blocked,True,True,1,03_promptable_segmentation/Promptable_Segmentation_Benchmark.ipynb,sidecar_status,executed,03_promptable_segmentation/reports/20260519T200000Z_v243_hq-sam_current_run.json,True,20260519T200000Z_v243,False,,,,,,,,,,current_run,True,1,True,False,False,False,
internimage-b,internimage,classify,,MIT,True,,sidecar_required,sidecar_required,sidecar_required,OPENMMLAB_REQUIRED,sidecar,05_classification/reports/20260519T200000Z_v243_internimage-b_current_run.json,current_run,blocked,True,True,2,05_classification/Classification_Smoke.ipynb,sidecar_status|skipped_with_reason,executed|skipped_sidecar_unavailable,05_classification/reports/20260519T200000Z_v243_internimage-b_current_run.json,True,20260519T200000Z_v243,False,,,,,,,,,,current_run,True,2,True,False,True,False,
internimage-h,internimage,classify,,MIT,True,,sidecar_required,sidecar_required,sidecar_required,OPENMMLAB_REQUIRED,sidecar,05_classification/reports/20260519T200000Z_v243_internimage-h_current_run.json,current_run,blocked,True,True,2,05_classification/Classification_Smoke.ipynb,sidecar_status|skipped_with_reason,executed|skipped_sidecar_unavailable,05_classification/reports/20260519T200000Z_v243_internimage-h_current_run.json,True,20260519T200000Z_v243,False,,,,,,,,,,current_run,True,2,True,False,True,False,
internimage-l,internimage,classify,,MIT,True,,sidecar_required,sidecar_required,sidecar_required,OPENMMLAB_REQUIRED,sidecar,05_classification/reports/20260519T200000Z_v243_internimage-l_current_run.json,current_run,blocked,True,True,2,05_classification/Classification_Smoke.ipynb,sidecar_status|skipped_with_reason,executed|skipped_sidecar_unavailable,05_classification/reports/20260519T200000Z_v243_internimage-l_current_run.json,True,20260519T200000Z_v243,False,,,,,,,,,,current_run,True,2,True,False,True,False,
internimage-s,internimage,classify,,MIT,True,,sidecar_required,sidecar_required,sidecar_required,OPENMMLAB_REQUIRED,sidecar,05_classification/reports/20260519T200000Z_v243_internimage-s_current_run.json,current_run,blocked,True,True,2,05_classification/Classification_Smoke.ipynb,sidecar_status|skipped_with_reason,executed|skipped_sidecar_unavailable,05_classification/reports/20260519T200000Z_v243_internimage-s_current_run.json,True,20260519T200000Z_v243,False,,,,,,,,,,current_run,True,2,True,False,True,False,
internimage-t,internimage,classify,,MIT,True,,sidecar_required,sidecar_required,sidecar_required,OPENMMLAB_REQUIRED,sidecar,05_classification/reports/20260519T200000Z_v243_internimage-t_current_run.json,current_run,blocked,True,True,2,05_classification/Classification_Smoke.ipynb,sidecar_status|skipped_with_reason,executed|skipped_sidecar_unavailable,05_classification/reports/20260519T200000Z_v243_internimage-t_current_run.json,True,20260519T200000Z_v243,False,,,,,,,,,,current_run,True,2,True,False,True,False,
libreyolo-dfine-n,libreyolo,detect,,Apache-2.0,True,,wired,smoke_passed,smoke_passed,,none,/home/arash/PycharmProjects/VisionServeX/notebook/_runs/20260519T200000Z_v243/reports/libreyolo-dfine-n_smoke.json,current_run,smoke,True,True,2,01_object_detection/Object_Detection_Benchmark.ipynb,smoke,executed_blocked,/home/arash/PycharmProjects/VisionServeX/notebook/_runs/20260519T200000Z_v243/reports/libreyolo-dfine-n_smoke.json|01_object_detection/reports/20260519T200000Z_v243_libreyolo-dfine-n_current_run.json,True,20260519T200000Z_v243,False,,,,,,,,,,current_run,True,2,True,False,False,False,
libreyolo-dfine-s,libreyolo,detect,,Apache-2.0,True,,wired,smoke_passed,smoke_passed,,none,/home/arash/PycharmProjects/VisionServeX/notebook/_runs/20260519T200000Z_v243/reports/libreyolo-dfine-s_smoke.json,current_run,smoke,True,True,2,01_object_detection/Object_Detection_Benchmark.ipynb,smoke,executed_blocked,/home/arash/PycharmProjects/VisionServeX/notebook/_runs/20260519T200000Z_v243/reports/libreyolo-dfine-s_smoke.json|01_object_detection/reports/20260519T200000Z_v243_libreyolo-dfine-s_current_run.json,True,20260519T200000Z_v243,False,,,,,,,,,,current_run,True,2,True,False,False,False,
libreyolo-yolox-n,libreyolo,detect,,Apache-2.0,True,,wired,smoke_passed,smoke_passed,,none,/home/arash/PycharmProjects/VisionServeX/notebook/_runs/20260519T200000Z_v243/reports/libreyolo-yolox-n_smoke.json,current_run,smoke,True,True,2,01_object_detection/Object_Detection_Benchmark.ipynb,smoke,executed_blocked,/home/arash/PycharmProjects/VisionServeX/notebook/_runs/20260519T200000Z_v243/reports/libreyolo-yolox-n_smoke.json|01_object_detection/reports/20260519T200000Z_v243_libreyolo-yolox-n_current_run.json,True,20260519T200000Z_v243,False,,,,,,,,,,current_run,True,2,True,False,False,False,
libreyolo-yolox-s,libreyolo,detect,,Apache-2.0,True,,wired,smoke_passed,smoke_passed,,none,/home/arash/PycharmProjects/VisionServeX/notebook/_runs/20260519T200000Z_v243/reports/libreyolo-yolox-s_smoke.json,current_run,smoke,True,True,2,01_object_detection/Object_Detection_Benchmark.ipynb,smoke,executed_blocked,/home/arash/PycharmProjects/VisionServeX/notebook/_runs/20260519T200000Z_v243/reports/libreyolo-yolox-s_smoke.json|01_object_detection/reports/20260519T200000Z_v243_libreyolo-yolox-s_current_run.json,True,20260519T200000Z_v243,False,,,,,,,,,,current_run,True,2,True,False,False,False,
maskdino-r50-coco,maskdino,segment,,Apache-2.0,True,,sidecar_required,sidecar_required,sidecar_required,OPENMMLAB_REQUIRED,sidecar,02_automatic_segmentation/reports/20260519T200000Z_v243_maskdino-r50-coco_current_run.json,current_run,blocked,True,True,2,02_automatic_segmentation/Automatic_Segmentation_Benchmark.ipynb,sidecar_status|skipped_with_reason,executed|skipped_sidecar_unavailable,02_automatic_segmentation/reports/20260519T200000Z_v243_maskdino-r50-coco_current_run.json,True,20260519T200000Z_v243,False,,,,,,,,,,current_run,True,2,True,False,True,False,
maskdino-r50-panoptic,maskdino,segment,,Apache-2.0,True,,sidecar_required,sidecar_required,sidecar_required,OPENMMLAB_REQUIRED,sidecar,02_automatic_segmentation/reports/20260519T200000Z_v243_maskdino-r50-panoptic_current_run.json,current_run,blocked,True,True,2,02_automatic_segmentation/Automatic_Segmentation_Benchmark.ipynb,sidecar_status|skipped_with_reason,executed|skipped_sidecar_unavailable,02_automatic_segmentation/reports/20260519T200000Z_v243_maskdino-r50-panoptic_current_run.json,True,20260519T200000Z_v243,False,,,,,,,,,,current_run,True,2,True,False,True,False,
maskdino-swinl-coco,maskdino,segment,,Apache-2.0,False,,sidecar_required,sidecar_required,sidecar_required,SIDECAR_ENV_MISSING,sidecar,02_automatic_segmentation/reports/20260519T200000Z_v243_maskdino-swinl-coco_current_run.json,current_run,blocked,True,True,1,02_automatic_segmentation/Automatic_Segmentation_Benchmark.ipynb,sidecar_status,executed,02_automatic_segmentation/reports/20260519T200000Z_v243_maskdino-swinl-coco_current_run.json,True,20260519T200000Z_v243,False,,,,,,,,,,current_run,True,1,True,False,False,False,
maxvit-tiny-tf-224,maxvit,classify,,Apache-2.0,True,,wired,smoke_passed,smoke_passed,,none,/home/arash/PycharmProjects/VisionServeX/notebook/_runs/20260519T200000Z_v243/reports/maxvit-tiny-tf-224_smoke.json,current_run,smoke,True,True,3,05_classification/Classification_Smoke.ipynb,smoke,executed,/home/arash/PycharmProjects/VisionServeX/notebook/_runs/20260519T200000Z_v243/reports/maxvit-tiny-tf-224_smoke.json|05_classification/reports/20260519T200000Z_v243_maxvit-tiny-tf-224_current_run.json|reports/canonical_smoke_summary_v230.json,True,20260519T200000Z_v243,False,,,,,,,,,,current_run,True,3,True,False,True,False,
medsam,medsam,foundation_segment,,Apache-2.0,False,,wired,smoke_passed,smoke_passed,,none,/home/arash/PycharmProjects/VisionServeX/notebook/_runs/20260519T200000Z_v243/reports/medsam_smoke.json,current_run,smoke,True,True,3,03_promptable_segmentation/Promptable_Segmentation_Benchmark.ipynb|07_medical/Medical_Demo.ipynb,smoke,executed,/home/arash/PycharmProjects/VisionServeX/notebook/_runs/20260519T200000Z_v243/reports/medsam_smoke.json|03_promptable_segmentation/reports/20260519T200000Z_v243_medsam_current_run.json|reports/core_smoke_matrix_v230.json,True,20260519T200000Z_v243,False,,,,,,,,,,current_run,True,3,True,False,True,False,
medsam2,medsam2,foundation_segment,,Apache-2.0,False,,sidecar_required,sidecar_required,sidecar_required,SIDECAR_ENV_MISSING,sidecar,03_promptable_segmentation/reports/20260519T200000Z_v243_medsam2_current_run.json,current_run,blocked,True,True,1,03_promptable_segmentation/Promptable_Segmentation_Benchmark.ipynb,sidecar_status,executed,03_promptable_segmentation/reports/20260519T200000Z_v243_medsam2_current_run.json,True,20260519T200000Z_v243,False,,,,,,,,,,current_run,True,1,True,False,False,False,
mobilesam,mobilesam,foundation_segment,,Apache-2.0,True,,sidecar_required,sidecar_required,sidecar_required,SIDECAR_ENV_MISSING,sidecar,03_promptable_segmentation/reports/20260519T200000Z_v243_mobilesam_current_run.json,current_run,blocked,True,True,1,03_promptable_segmentation/Promptable_Segmentation_Benchmark.ipynb,sidecar_status,executed,03_promptable_segmentation/reports/20260519T200000Z_v243_mobilesam_current_run.json,True,20260519T200000Z_v243,False,,,,,,,,,,current_run,True,1,True,False,False,False,
nnunet-v2,nnunet,segment,,Apache-2.0,True,,sidecar_required,sidecar_required,sidecar_required,SIDECAR_ENV_MISSING,sidecar,02_automatic_segmentation/reports/20260519T200000Z_v243_nnunet-v2_current_run.json,current_run,blocked,True,True,1,02_automatic_segmentation/Automatic_Segmentation_Benchmark.ipynb,sidecar_status,executed,02_automatic_segmentation/reports/20260519T200000Z_v243_nnunet-v2_current_run.json,True,20260519T200000Z_v243,False,,,,,,,,,,current_run,True,1,True,False,False,False,
oneformer-convnext-large,oneformer,segment,,MIT,True,,do_not_add,wrong_registry_entry,wrong_registry_entry,WRONG_REGISTRY_ENTRY,external,notebook/_runs/20260519T200000Z_v243/reports/oneformer_convnext_large_status.json,current_run,blocked,True,True,3,02_automatic_segmentation/Automatic_Segmentation_Benchmark.ipynb,skipped_with_reason|status,executed|skipped_wrong_registry_entry,notebook/_runs/20260519T200000Z_v243/reports/oneformer_convnext_large_status.json,True,20260519T200000Z_v243,False,,,,,,,,,,current_run,True,3,True,False,True,False,
oneformer-dinat-large,oneformer,segment,,MIT,True,,sidecar_required,sidecar_required,sidecar_required,NATTEN_REQUIRED,dependency,02_automatic_segmentation/reports/20260519T200000Z_v243_oneformer-dinat-large_current_run.json,current_run,blocked,True,True,2,02_automatic_segmentation/Automatic_Segmentation_Benchmark.ipynb,sidecar_status|skipped_with_reason,executed|skipped_sidecar_unavailable,02_automatic_segmentation/reports/20260519T200000Z_v243_oneformer-dinat-large_current_run.json,True,20260519T200000Z_v243,False,,,,,,,,,,current_run,True,2,True,False,True,False,
oneformer-swin-large,oneformer,segment,,MIT,True,,wired,smoke_passed,smoke_passed,,none,/home/arash/PycharmProjects/VisionServeX/notebook/_runs/20260519T200000Z_v243/reports/oneformer-swin-large_smoke.json,current_run,smoke,True,True,3,02_automatic_segmentation/Automatic_Segmentation_Benchmark.ipynb,smoke,executed,/home/arash/PycharmProjects/VisionServeX/notebook/_runs/20260519T200000Z_v243/reports/oneformer-swin-large_smoke.json|02_automatic_segmentation/reports/20260519T200000Z_v243_oneformer-swin-large_current_run.json|reports/canonical_smoke_summary_v230.json,True,20260519T200000Z_v243,False,,,,,,,,,,current_run,True,3,True,False,True,False,
osnet-x1.0,osnet,reid,,MIT,True,,sidecar_required,sidecar_required,sidecar_required,SIDECAR_ENV_MISSING,sidecar,12_libreyolo/reports/20260519T200000Z_v243_osnet-x1_0_current_run.json,current_run,blocked,True,True,1,12_libreyolo/LibreYOLO_Audit_and_Smoke.ipynb,sidecar_status,executed,12_libreyolo/reports/20260519T200000Z_v243_osnet-x1_0_current_run.json,True,20260519T200000Z_v243,False,,,,,,,,,,current_run,True,1,True,False,False,False,
owlv2-base-patch16,owlv2,open_vocab_detect,,Apache-2.0,True,,wired,smoke_passed,smoke_passed,,none,/home/arash/PycharmProjects/VisionServeX/notebook/_runs/20260519T200000Z_v243/reports/owlv2-base-patch16_smoke.json,current_run,smoke,True,True,3,04_open_vocab_vlm/Open_Vocab_VLM_Demo.ipynb,smoke,executed,/home/arash/PycharmProjects/VisionServeX/notebook/_runs/20260519T200000Z_v243/reports/owlv2-base-patch16_smoke.json|04_open_vocab_vlm/reports/20260519T200000Z_v243_owlv2-base-patch16_current_run.json|reports/canonical_smoke_summary_v230.json,True,20260519T200000Z_v243,False,,,,,,,,,,current_run,True,3,True,False,True,False,
owlv2-large-patch14,owlv2,open_vocab_detect,,Apache-2.0,True,,wired,smoke_passed,smoke_passed,,none,/home/arash/PycharmProjects/VisionServeX/notebook/_runs/20260519T200000Z_v243/reports/owlv2-large-patch14_smoke.json,current_run,smoke,True,True,3,04_open_vocab_vlm/Open_Vocab_VLM_Demo.ipynb,smoke,executed,/home/arash/PycharmProjects/VisionServeX/notebook/_runs/20260519T200000Z_v243/reports/owlv2-large-patch14_smoke.json|04_open_vocab_vlm/reports/20260519T200000Z_v243_owlv2-large-patch14_current_run.json|reports/canonical_smoke_summary_v230.json,True,20260519T200000Z_v243,False,,,,,,,,,,current_run,True,3,True,False,True,False,
owlvit-base-patch32,owlvit,open_vocab_detect,,Apache-2.0,True,,wired,smoke_passed,smoke_passed,,none,/home/arash/PycharmProjects/VisionServeX/notebook/_runs/20260519T200000Z_v243/reports/owlvit-base-patch32_smoke.json,current_run,smoke,True,True,3,04_open_vocab_vlm/Open_Vocab_VLM_Demo.ipynb,smoke,executed,/home/arash/PycharmProjects/VisionServeX/notebook/_runs/20260519T200000Z_v243/reports/owlvit-base-patch32_smoke.json|04_open_vocab_vlm/reports/20260519T200000Z_v243_owlvit-base-patch32_current_run.json|reports/canonical_smoke_summary_v230.json,True,20260519T200000Z_v243,False,,,,,,,,,,current_run,True,3,True,False,True,False,
owlvit-large-patch14,owlvit,open_vocab_detect,,Apache-2.0,True,,wired,smoke_passed,smoke_passed,,none,/home/arash/PycharmProjects/VisionServeX/notebook/_runs/20260519T200000Z_v243/reports/owlvit-large-patch14_smoke.json,current_run,smoke,True,True,3,04_open_vocab_vlm/Open_Vocab_VLM_Demo.ipynb,smoke,executed,/home/arash/PycharmProjects/VisionServeX/notebook/_runs/20260519T200000Z_v243/reports/owlvit-large-patch14_smoke.json|04_open_vocab_vlm/reports/20260519T200000Z_v243_owlvit-large-patch14_current_run.json|reports/canonical_smoke_summary_v230.json,True,20260519T200000Z_v243,False,,,,,,,,,,current_run,True,3,True,False,True,False,
prithvi-eo-2.0,prithvi,embed,,Apache-2.0,False,,non_core_license_optional,opt_in_license_required,opt_in_license_required,OPT_IN_LICENSE_REQUIRED,external,06_embedding_similarity/reports/20260519T200000Z_v243_prithvi-eo-2_0_current_run.json,current_run,blocked,True,True,1,06_embedding_similarity/Embedding_Similarity_Demo.ipynb,license_gate,executed,06_embedding_similarity/reports/20260519T200000Z_v243_prithvi-eo-2_0_current_run.json,True,20260519T200000Z_v243,False,,,,,,,,,,current_run,True,1,True,False,False,False,
rfdetr-base,rfdetr,detect,,Apache-2.0,True,,wired,smoke_passed,smoke_passed,,none,/home/arash/PycharmProjects/VisionServeX/notebook/_runs/20260519T200000Z_v243/reports/rfdetr-base_smoke.json,current_run,smoke,True,True,3,01_object_detection/Object_Detection_Benchmark.ipynb,smoke,executed,/home/arash/PycharmProjects/VisionServeX/notebook/_runs/20260519T200000Z_v243/reports/rfdetr-base_smoke.json|01_object_detection/reports/20260519T200000Z_v243_rfdetr-base_current_run.json|reports/canonical_smoke_summary_v230.json,True,20260519T200000Z_v243,False,,,,,,,,,,current_run,True,3,True,False,True,False,
rfdetr-large,rfdetr,detect,,Apache-2.0,True,,wired,smoke_passed,smoke_passed,,none,/home/arash/PycharmProjects/VisionServeX/notebook/_runs/20260519T200000Z_v243/reports/rfdetr-large_smoke.json,current_run,smoke,True,True,3,01_object_detection/Object_Detection_Benchmark.ipynb,smoke,executed,/home/arash/PycharmProjects/VisionServeX/notebook/_runs/20260519T200000Z_v243/reports/rfdetr-large_smoke.json|01_object_detection/reports/20260519T200000Z_v243_rfdetr-large_current_run.json|reports/canonical_smoke_summary_v230.json,True,20260519T200000Z_v243,False,,,,,,,,,,current_run,True,3,True,False,True,False,
rfdetr-medium,rfdetr,detect,,Apache-2.0,True,,wired,smoke_passed,smoke_passed,,none,/home/arash/PycharmProjects/VisionServeX/notebook/_runs/20260519T200000Z_v243/reports/rfdetr-medium_smoke.json,current_run,smoke,True,True,3,01_object_detection/Object_Detection_Benchmark.ipynb,smoke,executed,/home/arash/PycharmProjects/VisionServeX/notebook/_runs/20260519T200000Z_v243/reports/rfdetr-medium_smoke.json|01_object_detection/reports/20260519T200000Z_v243_rfdetr-medium_current_run.json|reports/canonical_smoke_summary_v230.json,True,20260519T200000Z_v243,False,,,,,,,,,,current_run,True,3,True,False,True,False,
rfdetr-nano,rfdetr,detect,,Apache-2.0,True,,wired,smoke_passed,smoke_passed,,none,/home/arash/PycharmProjects/VisionServeX/notebook/_runs/20260519T200000Z_v243/reports/rfdetr-nano_smoke.json,current_run,smoke,True,True,3,01_object_detection/Object_Detection_Benchmark.ipynb,smoke,executed,/home/arash/PycharmProjects/VisionServeX/notebook/_runs/20260519T200000Z_v243/reports/rfdetr-nano_smoke.json|01_object_detection/reports/20260519T200000Z_v243_rfdetr-nano_current_run.json|reports/canonical_smoke_summary_v230.json,True,20260519T200000Z_v243,False,,,,,,,,,,current_run,True,3,True,False,True,False,
rfdetr-seg-2xlarge,rfdetr_seg,segment,,PML-1.0,False,,non_core_license_optional,opt_in_license_required,opt_in_license_required,OPT_IN_LICENSE_REQUIRED,external,02_automatic_segmentation/reports/20260519T200000Z_v243_rfdetr-seg-2xlarge_current_run.json,current_run,blocked,True,True,2,02_automatic_segmentation/Automatic_Segmentation_Benchmark.ipynb,license_gate|skipped_with_reason,executed|skipped_license_opt_in,02_automatic_segmentation/reports/20260519T200000Z_v243_rfdetr-seg-2xlarge_current_run.json,True,20260519T200000Z_v243,False,,,,,,,,,,current_run,True,2,True,False,True,False,
rfdetr-seg-large,rfdetr,segment,,PML 1.0 (Plus/XL/2XL); core sizes Apache-2.0,False,,non_core_license_optional,benchmark_passed,benchmark_passed,,none,/home/arash/PycharmProjects/VisionServeX/notebook/_runs/20260519T200000Z_v243/reports/rfdetr_seg_large_bench.json,current_run,benchmark,True,True,3,02_automatic_segmentation/Automatic_Segmentation_Benchmark.ipynb,benchmark|smoke,executed,/home/arash/PycharmProjects/VisionServeX/notebook/_runs/20260519T200000Z_v243/reports/rfdetr_seg_large_bench.json|02_automatic_segmentation/reports/20260519T200000Z_v243_rfdetr-seg-large_current_run.json|reports/v238_rfdetr_seg_large_benchmark.json,True,20260519T200000Z_v243,False,,,,,,,,,,current_run,True,3,True,False,True,False,
rfdetr-seg-medium,rfdetr,segment,,Apache-2.0,True,,wired,smoke_passed,smoke_passed,,none,/home/arash/PycharmProjects/VisionServeX/notebook/_runs/20260519T200000Z_v243/reports/rfdetr-seg-medium_smoke.json,current_run,smoke,True,True,3,02_automatic_segmentation/Automatic_Segmentation_Benchmark.ipynb,smoke,executed,/home/arash/PycharmProjects/VisionServeX/notebook/_runs/20260519T200000Z_v243/reports/rfdetr-seg-medium_smoke.json|02_automatic_segmentation/reports/20260519T200000Z_v243_rfdetr-seg-medium_current_run.json|reports/canonical_smoke_summary_v230.json,True,20260519T200000Z_v243,False,,,,,,,,,,current_run,True,3,True,False,True,False,
rfdetr-seg-nano,rfdetr_seg,segment,,Apache-2.0,True,,wired,smoke_passed,smoke_passed,,none,/home/arash/PycharmProjects/VisionServeX/notebook/_runs/20260519T200000Z_v243/reports/rfdetr-seg-nano_smoke.json,current_run,smoke,True,True,3,02_automatic_segmentation/Automatic_Segmentation_Benchmark.ipynb,smoke,executed,/home/arash/PycharmProjects/VisionServeX/notebook/_runs/20260519T200000Z_v243/reports/rfdetr-seg-nano_smoke.json|02_automatic_segmentation/reports/20260519T200000Z_v243_rfdetr-seg-nano_current_run.json|reports/canonical_smoke_summary_v230.json,True,20260519T200000Z_v243,False,,,,,,,,,,current_run,True,3,True,False,True,False,
rfdetr-seg-small,rfdetr_seg,segment,,Apache-2.0,True,,wired,smoke_passed,smoke_passed,,none,/home/arash/PycharmProjects/VisionServeX/notebook/_runs/20260519T200000Z_v243/reports/rfdetr-seg-small_smoke.json,current_run,smoke,True,True,3,02_automatic_segmentation/Automatic_Segmentation_Benchmark.ipynb,smoke,executed,/home/arash/PycharmProjects/VisionServeX/notebook/_runs/20260519T200000Z_v243/reports/rfdetr-seg-small_smoke.json|02_automatic_segmentation/reports/20260519T200000Z_v243_rfdetr-seg-small_current_run.json|reports/canonical_smoke_summary_v230.json,True,20260519T200000Z_v243,False,,,,,,,,,,current_run,True,3,True,False,True,False,
rfdetr-seg-xlarge,rfdetr_seg,segment,,PML-1.0,False,,non_core_license_optional,opt_in_license_required,opt_in_license_required,OPT_IN_LICENSE_REQUIRED,external,02_automatic_segmentation/reports/20260519T200000Z_v243_rfdetr-seg-xlarge_current_run.json,current_run,blocked,True,True,2,02_automatic_segmentation/Automatic_Segmentation_Benchmark.ipynb,license_gate|skipped_with_reason,executed|skipped_license_opt_in,02_automatic_segmentation/reports/20260519T200000Z_v243_rfdetr-seg-xlarge_current_run.json,True,20260519T200000Z_v243,False,,,,,,,,,,current_run,True,2,True,False,True,False,
rfdetr-small,rfdetr,detect,,Apache-2.0,True,,wired,smoke_passed,smoke_passed,,none,/home/arash/PycharmProjects/VisionServeX/notebook/_runs/20260519T200000Z_v243/reports/rfdetr-small_smoke.json,current_run,smoke,True,True,3,01_object_detection/Object_Detection_Benchmark.ipynb,smoke,executed,/home/arash/PycharmProjects/VisionServeX/notebook/_runs/20260519T200000Z_v243/reports/rfdetr-small_smoke.json|01_object_detection/reports/20260519T200000Z_v243_rfdetr-small_current_run.json|reports/canonical_smoke_summary_v230.json,True,20260519T200000Z_v243,False,,,,,,,,,,current_run,True,3,True,False,True,False,
rtdetrv4-l,rtdetrv4,detect,,Apache-2.0,True,,sidecar_required,benchmark_passed,benchmark_passed,,none,/home/arash/PycharmProjects/VisionServeX/notebook/_runs/20260519T200000Z_v243/reports/rtdetrv4_l_bench.json,current_run,benchmark,True,True,3,01_object_detection/Object_Detection_Benchmark.ipynb,benchmark|skipped_with_reason|smoke,executed|executed_blocked|skipped_manual_checkpoint,/home/arash/PycharmProjects/VisionServeX/notebook/_runs/20260519T200000Z_v243/reports/rtdetrv4_l_bench.json|01_object_detection/reports/20260519T200000Z_v243_rtdetrv4-l_current_run.json,True,20260519T200000Z_v243,False,,,,,,,,,,current_run,True,3,True,False,True,False,
rtdetrv4-m,rtdetrv4,detect,,Apache-2.0,True,,sidecar_required,benchmark_passed,benchmark_passed,,none,/home/arash/PycharmProjects/VisionServeX/notebook/_runs/20260519T200000Z_v243/reports/rtdetrv4_m_bench.json,current_run,benchmark,True,True,3,01_object_detection/Object_Detection_Benchmark.ipynb,benchmark|skipped_with_reason|smoke,executed|executed_blocked|skipped_manual_checkpoint,/home/arash/PycharmProjects/VisionServeX/notebook/_runs/20260519T200000Z_v243/reports/rtdetrv4_m_bench.json|01_object_detection/reports/20260519T200000Z_v243_rtdetrv4-m_current_run.json,True,20260519T200000Z_v243,False,,,,,,,,,,current_run,True,3,True,False,True,False,
rtdetrv4-s,rtdetrv4,detect,,Apache-2.0,True,,sidecar_required,benchmark_passed,benchmark_passed,,none,/home/arash/PycharmProjects/VisionServeX/notebook/_runs/20260519T200000Z_v243/reports/rtdetrv4_s_bench.json,current_run,benchmark,True,True,3,01_object_detection/Object_Detection_Benchmark.ipynb,benchmark|skipped_with_reason|smoke,executed|executed_blocked|skipped_manual_checkpoint,/home/arash/PycharmProjects/VisionServeX/notebook/_runs/20260519T200000Z_v243/reports/rtdetrv4_s_bench.json|01_object_detection/reports/20260519T200000Z_v243_rtdetrv4-s_current_run.json,True,20260519T200000Z_v243,False,,,,,,,,,,current_run,True,3,True,False,True,False,
rtdetrv4-x,rtdetrv4,detect,,Apache-2.0,True,,sidecar_required,benchmark_passed,benchmark_passed,,none,/home/arash/PycharmProjects/VisionServeX/notebook/_runs/20260519T200000Z_v243/reports/rtdetrv4_x_bench.json,current_run,benchmark,True,True,3,01_object_detection/Object_Detection_Benchmark.ipynb,benchmark|skipped_with_reason|smoke,executed|executed_blocked|skipped_manual_checkpoint,/home/arash/PycharmProjects/VisionServeX/notebook/_runs/20260519T200000Z_v243/reports/rtdetrv4_x_bench.json|01_object_detection/reports/20260519T200000Z_v243_rtdetrv4-x_current_run.json,True,20260519T200000Z_v243,False,,,,,,,,,,current_run,True,3,True,False,True,False,
rtmdet-r-l,rtmdet,obb,,Apache-2.0,True,,sidecar_required,sidecar_required,sidecar_required,OPENMMLAB_REQUIRED,sidecar,09_aerial_obb/reports/20260519T200000Z_v243_rtmdet-r-l_current_run.json,current_run,blocked,True,True,2,09_aerial_obb/Aerial_OBB_Status.ipynb,sidecar_status|skipped_with_reason,executed|skipped_sidecar_unavailable,09_aerial_obb/reports/20260519T200000Z_v243_rtmdet-r-l_current_run.json,True,20260519T200000Z_v243,False,,,,,,,,,,current_run,True,2,True,False,True,False,
rtmdet-r-m,rtmdet,obb,,Apache-2.0,True,,sidecar_required,sidecar_required,sidecar_required,OPENMMLAB_REQUIRED,sidecar,09_aerial_obb/reports/20260519T200000Z_v243_rtmdet-r-m_current_run.json,current_run,blocked,True,True,2,09_aerial_obb/Aerial_OBB_Status.ipynb,sidecar_status|skipped_with_reason,executed|skipped_sidecar_unavailable,09_aerial_obb/reports/20260519T200000Z_v243_rtmdet-r-m_current_run.json,True,20260519T200000Z_v243,False,,,,,,,,,,current_run,True,2,True,False,True,False,
rtmdet-r-s,rtmdet,obb,,Apache-2.0,True,,sidecar_required,sidecar_required,sidecar_required,OPENMMLAB_REQUIRED,sidecar,09_aerial_obb/reports/20260519T200000Z_v243_rtmdet-r-s_current_run.json,current_run,blocked,True,True,2,09_aerial_obb/Aerial_OBB_Status.ipynb,sidecar_status|skipped_with_reason,executed|skipped_sidecar_unavailable,09_aerial_obb/reports/20260519T200000Z_v243_rtmdet-r-s_current_run.json,True,20260519T200000Z_v243,False,,,,,,,,,,current_run,True,2,True,False,True,False,
rtmdet-r-t,rtmdet,obb,,Apache-2.0,True,,sidecar_required,sidecar_required,sidecar_required,OPENMMLAB_REQUIRED,sidecar,09_aerial_obb/reports/20260519T200000Z_v243_rtmdet-r-t_current_run.json,current_run,blocked,True,True,2,09_aerial_obb/Aerial_OBB_Status.ipynb,sidecar_status|skipped_with_reason,executed|skipped_sidecar_unavailable,09_aerial_obb/reports/20260519T200000Z_v243_rtmdet-r-t_current_run.json,True,20260519T200000Z_v243,False,,,,,,,,,,current_run,True,2,True,False,True,False,
rtmdet-r2-l,rtmdet,obb,,Apache-2.0,True,,sidecar_required,sidecar_required,sidecar_required,OPENMMLAB_REQUIRED,sidecar,09_aerial_obb/reports/20260519T200000Z_v243_rtmdet-r2-l_current_run.json,current_run,blocked,True,True,2,09_aerial_obb/Aerial_OBB_Status.ipynb,sidecar_status|skipped_with_reason,executed|skipped_sidecar_unavailable,09_aerial_obb/reports/20260519T200000Z_v243_rtmdet-r2-l_current_run.json,True,20260519T200000Z_v243,False,,,,,,,,,,current_run,True,2,True,False,True,False,
rtmdet-r2-m,rtmdet,obb,,Apache-2.0,True,,sidecar_required,sidecar_required,sidecar_required,OPENMMLAB_REQUIRED,sidecar,09_aerial_obb/reports/20260519T200000Z_v243_rtmdet-r2-m_current_run.json,current_run,blocked,True,True,2,09_aerial_obb/Aerial_OBB_Status.ipynb,sidecar_status|skipped_with_reason,executed|skipped_sidecar_unavailable,09_aerial_obb/reports/20260519T200000Z_v243_rtmdet-r2-m_current_run.json,True,20260519T200000Z_v243,False,,,,,,,,,,current_run,True,2,True,False,True,False,
rtmdet-r2-s,rtmdet,obb,,Apache-2.0,True,,sidecar_required,sidecar_required,sidecar_required,SIDECAR_ENV_MISSING,sidecar,09_aerial_obb/reports/20260519T200000Z_v243_rtmdet-r2-s_current_run.json,current_run,blocked,True,True,1,09_aerial_obb/Aerial_OBB_Status.ipynb,sidecar_status,executed,09_aerial_obb/reports/20260519T200000Z_v243_rtmdet-r2-s_current_run.json,True,20260519T200000Z_v243,False,,,,,,,,,,current_run,True,1,True,False,False,False,
rtmdet-r2-t,rtmdet,obb,,Apache-2.0,True,,sidecar_required,sidecar_required,sidecar_required,OPENMMLAB_REQUIRED,sidecar,09_aerial_obb/reports/20260519T200000Z_v243_rtmdet-r2-t_current_run.json,current_run,blocked,True,True,2,09_aerial_obb/Aerial_OBB_Status.ipynb,sidecar_status|skipped_with_reason,executed|skipped_sidecar_unavailable,09_aerial_obb/reports/20260519T200000Z_v243_rtmdet-r2-t_current_run.json,True,20260519T200000Z_v243,False,,,,,,,,,,current_run,True,2,True,False,True,False,
rtmpose-l,rtmpose,pose,,Apache-2.0,True,,sidecar_required,sidecar_required,sidecar_required,OPENMMLAB_REQUIRED,sidecar,12_libreyolo/reports/20260519T200000Z_v243_rtmpose-l_current_run.json,current_run,blocked,True,True,2,11_surveillance_video_live/Surveillance_Video_Live_Demo.ipynb|12_libreyolo/LibreYOLO_Audit_and_Smoke.ipynb,sidecar_status|skipped_with_reason,executed|skipped_sidecar_unavailable,12_libreyolo/reports/20260519T200000Z_v243_rtmpose-l_current_run.json,True,20260519T200000Z_v243,False,,,,,,,,,,current_run,True,2,True,False,True,False,
rtmpose-l-384x288,rtmpose,pose,,Apache-2.0,True,,sidecar_required,sidecar_required,sidecar_required,OPENMMLAB_REQUIRED,sidecar,12_libreyolo/reports/20260519T200000Z_v243_rtmpose-l-384x288_current_run.json,current_run,blocked,True,True,2,11_surveillance_video_live/Surveillance_Video_Live_Demo.ipynb|12_libreyolo/LibreYOLO_Audit_and_Smoke.ipynb,sidecar_status|skipped_with_reason,executed|skipped_sidecar_unavailable,12_libreyolo/reports/20260519T200000Z_v243_rtmpose-l-384x288_current_run.json,True,20260519T200000Z_v243,False,,,,,,,,,,current_run,True,2,True,False,True,False,
rtmpose-m,rtmpose,pose,,Apache-2.0,True,,sidecar_required,contract_passed,contract_passed,,none,12_libreyolo/reports/20260519T200000Z_v243_rtmpose-m_current_run.json,current_run,contract,True,True,3,11_surveillance_video_live/Surveillance_Video_Live_Demo.ipynb|12_libreyolo/LibreYOLO_Audit_and_Smoke.ipynb,contract|skipped_with_reason|smoke,executed|executed_blocked|skipped_sidecar_unavailable,12_libreyolo/reports/20260519T200000Z_v243_rtmpose-m_current_run.json|notebook/_runs/20260519T200000Z_v243/reports/rtmpose_m_contract.json,True,20260519T200000Z_v243,False,,,,,,,,,,current_run,True,3,True,False,True,False,
rtmpose-m-384x288,rtmpose,pose,,Apache-2.0,True,,sidecar_required,sidecar_required,sidecar_required,OPENMMLAB_REQUIRED,sidecar,12_libreyolo/reports/20260519T200000Z_v243_rtmpose-m-384x288_current_run.json,current_run,blocked,True,True,2,11_surveillance_video_live/Surveillance_Video_Live_Demo.ipynb|12_libreyolo/LibreYOLO_Audit_and_Smoke.ipynb,sidecar_status|skipped_with_reason,executed|skipped_sidecar_unavailable,12_libreyolo/reports/20260519T200000Z_v243_rtmpose-m-384x288_current_run.json,True,20260519T200000Z_v243,False,,,,,,,,,,current_run,True,2,True,False,True,False,
rtmpose-s,rtmpose,pose,,Apache-2.0,True,,sidecar_required,sidecar_required,sidecar_required,SIDECAR_ENV_MISSING,sidecar,12_libreyolo/reports/20260519T200000Z_v243_rtmpose-s_current_run.json,current_run,blocked,True,True,1,12_libreyolo/LibreYOLO_Audit_and_Smoke.ipynb,sidecar_status,executed,12_libreyolo/reports/20260519T200000Z_v243_rtmpose-s_current_run.json,True,20260519T200000Z_v243,False,,,,,,,,,,current_run,True,1,True,False,False,False,
rtmpose-t,rtmpose,pose,,Apache-2.0,True,,sidecar_required,sidecar_required,sidecar_required,OPENMMLAB_REQUIRED,sidecar,12_libreyolo/reports/20260519T200000Z_v243_rtmpose-t_current_run.json,current_run,blocked,True,True,2,11_surveillance_video_live/Surveillance_Video_Live_Demo.ipynb|12_libreyolo/LibreYOLO_Audit_and_Smoke.ipynb,sidecar_status|skipped_with_reason,executed|skipped_sidecar_unavailable,12_libreyolo/reports/20260519T200000Z_v243_rtmpose-t_current_run.json,True,20260519T200000Z_v243,False,,,,,,,,,,current_run,True,2,True,False,True,False,
sam-vit-base,sam,foundation_segment,,Apache-2.0,True,,wired,smoke_passed,smoke_passed,,none,/home/arash/PycharmProjects/VisionServeX/notebook/_runs/20260519T200000Z_v243/reports/sam-vit-base_smoke.json,current_run,smoke,True,True,3,03_promptable_segmentation/Promptable_Segmentation_Benchmark.ipynb,smoke,executed,/home/arash/PycharmProjects/VisionServeX/notebook/_runs/20260519T200000Z_v243/reports/sam-vit-base_smoke.json|03_promptable_segmentation/reports/20260519T200000Z_v243_sam-vit-base_current_run.json|reports/canonical_smoke_summary_v230.json,True,20260519T200000Z_v243,False,,,,,,,,,,current_run,True,3,True,False,True,False,
sam-vit-huge,sam,foundation_segment,,Apache-2.0,True,,wired,smoke_passed,smoke_passed,,none,/home/arash/PycharmProjects/VisionServeX/notebook/_runs/20260519T200000Z_v243/reports/sam-vit-huge_smoke.json,current_run,smoke,True,True,3,03_promptable_segmentation/Promptable_Segmentation_Benchmark.ipynb,smoke,executed,/home/arash/PycharmProjects/VisionServeX/notebook/_runs/20260519T200000Z_v243/reports/sam-vit-huge_smoke.json|03_promptable_segmentation/reports/20260519T200000Z_v243_sam-vit-huge_current_run.json|reports/canonical_smoke_summary_v230.json,True,20260519T200000Z_v243,False,,,,,,,,,,current_run,True,3,True,False,True,False,
sam-vit-large,sam,foundation_segment,,Apache-2.0,True,,wired,smoke_passed,smoke_passed,,none,/home/arash/PycharmProjects/VisionServeX/notebook/_runs/20260519T200000Z_v243/reports/sam-vit-large_smoke.json,current_run,smoke,True,True,3,03_promptable_segmentation/Promptable_Segmentation_Benchmark.ipynb,smoke,executed,/home/arash/PycharmProjects/VisionServeX/notebook/_runs/20260519T200000Z_v243/reports/sam-vit-large_smoke.json|03_promptable_segmentation/reports/20260519T200000Z_v243_sam-vit-large_current_run.json|reports/canonical_smoke_summary_v230.json,True,20260519T200000Z_v243,False,,,,,,,,,,current_run,True,3,True,False,True,False,
sam2-hiera-base-plus,sam2,foundation_segment,,Apache-2.0,True,,wired,smoke_passed,smoke_passed,,none,/home/arash/PycharmProjects/VisionServeX/notebook/_runs/20260519T200000Z_v243/reports/sam2-hiera-base-plus_smoke.json,current_run,smoke,True,True,3,03_promptable_segmentation/Promptable_Segmentation_Benchmark.ipynb,smoke,executed,/home/arash/PycharmProjects/VisionServeX/notebook/_runs/20260519T200000Z_v243/reports/sam2-hiera-base-plus_smoke.json|03_promptable_segmentation/reports/20260519T200000Z_v243_sam2-hiera-base-plus_current_run.json|reports/canonical_smoke_summary_v230.json,True,20260519T200000Z_v243,False,,,,,,,,,,current_run,True,3,True,False,True,False,
sam2-hiera-large,sam2,foundation_segment,,Apache-2.0,True,,wired,smoke_passed,smoke_passed,,none,/home/arash/PycharmProjects/VisionServeX/notebook/_runs/20260519T200000Z_v243/reports/sam2-hiera-large_smoke.json,current_run,smoke,True,True,3,03_promptable_segmentation/Promptable_Segmentation_Benchmark.ipynb,smoke,executed,/home/arash/PycharmProjects/VisionServeX/notebook/_runs/20260519T200000Z_v243/reports/sam2-hiera-large_smoke.json|03_promptable_segmentation/reports/20260519T200000Z_v243_sam2-hiera-large_current_run.json|reports/canonical_smoke_summary_v230.json,True,20260519T200000Z_v243,False,,,,,,,,,,current_run,True,3,True,False,True,False,
sam2-hiera-small,sam2,foundation_segment,,Apache-2.0,True,,wired,smoke_passed,smoke_passed,,none,/home/arash/PycharmProjects/VisionServeX/notebook/_runs/20260519T200000Z_v243/reports/sam2-hiera-small_smoke.json,current_run,smoke,True,True,3,03_promptable_segmentation/Promptable_Segmentation_Benchmark.ipynb,smoke,executed,/home/arash/PycharmProjects/VisionServeX/notebook/_runs/20260519T200000Z_v243/reports/sam2-hiera-small_smoke.json|03_promptable_segmentation/reports/20260519T200000Z_v243_sam2-hiera-small_current_run.json|reports/canonical_smoke_summary_v230.json,True,20260519T200000Z_v243,False,,,,,,,,,,current_run,True,3,True,False,True,False,
sam2-hiera-tiny,sam2,foundation_segment,,Apache-2.0,True,,wired,smoke_passed,smoke_passed,,none,/home/arash/PycharmProjects/VisionServeX/notebook/_runs/20260519T200000Z_v243/reports/sam2-hiera-tiny_smoke.json,current_run,smoke,True,True,3,03_promptable_segmentation/Promptable_Segmentation_Benchmark.ipynb,smoke,executed,/home/arash/PycharmProjects/VisionServeX/notebook/_runs/20260519T200000Z_v243/reports/sam2-hiera-tiny_smoke.json|03_promptable_segmentation/reports/20260519T200000Z_v243_sam2-hiera-tiny_current_run.json|reports/canonical_smoke_summary_v230.json,True,20260519T200000Z_v243,False,,,,,,,,,,current_run,True,3,True,False,True,False,
sam2.1-hiera-base-plus,sam2.1,foundation_segment,,Apache-2.0,True,,wired,smoke_passed,smoke_passed,,none,/home/arash/PycharmProjects/VisionServeX/notebook/_runs/20260519T200000Z_v243/reports/sam2_1-hiera-base-plus_smoke.json,current_run,smoke,True,True,3,03_promptable_segmentation/Promptable_Segmentation_Benchmark.ipynb,smoke,executed,/home/arash/PycharmProjects/VisionServeX/notebook/_runs/20260519T200000Z_v243/reports/sam2_1-hiera-base-plus_smoke.json|03_promptable_segmentation/reports/20260519T200000Z_v243_sam2_1-hiera-base-plus_current_run.json|reports/canonical_smoke_summary_v230.json,True,20260519T200000Z_v243,False,,,,,,,,,,current_run,True,3,True,False,True,False,
sam2.1-hiera-large,sam2.1,foundation_segment,,Apache-2.0,True,,wired,smoke_passed,smoke_passed,,none,/home/arash/PycharmProjects/VisionServeX/notebook/_runs/20260519T200000Z_v243/reports/sam2_1-hiera-large_smoke.json,current_run,smoke,True,True,3,03_promptable_segmentation/Promptable_Segmentation_Benchmark.ipynb,smoke,executed,/home/arash/PycharmProjects/VisionServeX/notebook/_runs/20260519T200000Z_v243/reports/sam2_1-hiera-large_smoke.json|03_promptable_segmentation/reports/20260519T200000Z_v243_sam2_1-hiera-large_current_run.json|reports/canonical_smoke_summary_v230.json,True,20260519T200000Z_v243,False,,,,,,,,,,current_run,True,3,True,False,True,False,
sam2.1-hiera-small,sam2.1,foundation_segment,,Apache-2.0,True,,wired,smoke_passed,smoke_passed,,none,/home/arash/PycharmProjects/VisionServeX/notebook/_runs/20260519T200000Z_v243/reports/sam2_1-hiera-small_smoke.json,current_run,smoke,True,True,3,03_promptable_segmentation/Promptable_Segmentation_Benchmark.ipynb,smoke,executed,/home/arash/PycharmProjects/VisionServeX/notebook/_runs/20260519T200000Z_v243/reports/sam2_1-hiera-small_smoke.json|03_promptable_segmentation/reports/20260519T200000Z_v243_sam2_1-hiera-small_current_run.json|reports/canonical_smoke_summary_v230.json,True,20260519T200000Z_v243,False,,,,,,,,,,current_run,True,3,True,False,True,False,
sam2.1-hiera-tiny,sam2.1,foundation_segment,,Apache-2.0,True,,wired,smoke_passed,smoke_passed,,none,/home/arash/PycharmProjects/VisionServeX/notebook/_runs/20260519T200000Z_v243/reports/sam2_1-hiera-tiny_smoke.json,current_run,smoke,True,True,3,03_promptable_segmentation/Promptable_Segmentation_Benchmark.ipynb,smoke,executed,/home/arash/PycharmProjects/VisionServeX/notebook/_runs/20260519T200000Z_v243/reports/sam2_1-hiera-tiny_smoke.json|03_promptable_segmentation/reports/20260519T200000Z_v243_sam2_1-hiera-tiny_current_run.json|reports/canonical_smoke_summary_v230.json,True,20260519T200000Z_v243,False,,,,,,,,,,current_run,True,3,True,False,True,False,
sam3-base,sam3,foundation_segment,,Apache-2.0,False,,external_api,auth_required,auth_required,HF_AUTH_REQUIRED,auth,03_promptable_segmentation/reports/20260519T200000Z_v243_sam3-base_current_run.json,current_run,blocked,True,True,2,03_promptable_segmentation/Promptable_Segmentation_Benchmark.ipynb|04_open_vocab_vlm/Open_Vocab_VLM_Demo.ipynb,auth_gate|skipped_with_reason,executed|skipped_external_auth,03_promptable_segmentation/reports/20260519T200000Z_v243_sam3-base_current_run.json,True,20260519T200000Z_v243,False,,,,,,,,,,current_run,True,2,True,False,True,False,
seem-davit-d3,seem,segment,,Apache-2.0,True,,sidecar_required,sidecar_required,sidecar_required,SIDECAR_REQUIRED,sidecar,02_automatic_segmentation/reports/20260519T200000Z_v243_seem-davit-d3_current_run.json,current_run,blocked,True,True,2,02_automatic_segmentation/Automatic_Segmentation_Benchmark.ipynb,sidecar_status|skipped_with_reason,executed|skipped_sidecar_unavailable,02_automatic_segmentation/reports/20260519T200000Z_v243_seem-davit-d3_current_run.json,True,20260519T200000Z_v243,False,,,,,,,,,,current_run,True,2,True,False,True,False,
seem-focal-t,seem,segment,,Apache-2.0,True,,sidecar_required,sidecar_required,sidecar_required,SIDECAR_REQUIRED,sidecar,02_automatic_segmentation/reports/20260519T200000Z_v243_seem-focal-t_current_run.json,current_run,blocked,True,True,2,02_automatic_segmentation/Automatic_Segmentation_Benchmark.ipynb,sidecar_status|skipped_with_reason,executed|skipped_sidecar_unavailable,02_automatic_segmentation/reports/20260519T200000Z_v243_seem-focal-t_current_run.json,True,20260519T200000Z_v243,False,,,,,,,,,,current_run,True,2,True,False,True,False,
siglip-base-patch16-224,siglip,embed,,Apache-2.0,True,,wired,smoke_passed,smoke_passed,,none,/home/arash/PycharmProjects/VisionServeX/notebook/_runs/20260519T200000Z_v243/reports/siglip-base-patch16-224_smoke.json,current_run,smoke,True,True,3,06_embedding_similarity/Embedding_Similarity_Demo.ipynb,smoke,executed|executed_blocked,/home/arash/PycharmProjects/VisionServeX/notebook/_runs/20260519T200000Z_v243/reports/siglip-base-patch16-224_smoke.json|06_embedding_similarity/reports/20260519T200000Z_v243_siglip-base-patch16-224_current_run.json|reports/core_smoke_matrix_v230.json,True,20260519T200000Z_v243,False,,,,,,,,,,current_run,True,3,True,False,True,False,
siglip2-base-patch16-224,siglip2,embed,,Apache-2.0,True,,wired,smoke_passed,smoke_passed,,none,/home/arash/PycharmProjects/VisionServeX/notebook/_runs/20260519T200000Z_v243/reports/siglip2-base-patch16-224_smoke.json,current_run,smoke,True,True,3,06_embedding_similarity/Embedding_Similarity_Demo.ipynb,smoke,executed,/home/arash/PycharmProjects/VisionServeX/notebook/_runs/20260519T200000Z_v243/reports/siglip2-base-patch16-224_smoke.json|06_embedding_similarity/reports/20260519T200000Z_v243_siglip2-base-patch16-224_current_run.json|reports/canonical_smoke_summary_v230.json,True,20260519T200000Z_v243,False,,,,,,,,,,current_run,True,3,True,False,True,False,
siglip2-large-patch16-256,siglip2,embed,,Apache-2.0,True,,wired,smoke_passed,smoke_passed,,none,/home/arash/PycharmProjects/VisionServeX/notebook/_runs/20260519T200000Z_v243/reports/siglip2-large-patch16-256_smoke.json,current_run,smoke,True,True,3,06_embedding_similarity/Embedding_Similarity_Demo.ipynb,smoke,executed,/home/arash/PycharmProjects/VisionServeX/notebook/_runs/20260519T200000Z_v243/reports/siglip2-large-patch16-256_smoke.json|06_embedding_similarity/reports/20260519T200000Z_v243_siglip2-large-patch16-256_current_run.json|reports/canonical_smoke_summary_v230.json,True,20260519T200000Z_v243,False,,,,,,,,,,current_run,True,3,True,False,True,False,
siglip2-so400m-patch14-384,siglip2,embed,,Apache-2.0,True,,wired,smoke_passed,smoke_passed,,none,/home/arash/PycharmProjects/VisionServeX/notebook/_runs/20260519T200000Z_v243/reports/siglip2-so400m-patch14-384_smoke.json,current_run,smoke,True,True,3,06_embedding_similarity/Embedding_Similarity_Demo.ipynb,smoke,executed,/home/arash/PycharmProjects/VisionServeX/notebook/_runs/20260519T200000Z_v243/reports/siglip2-so400m-patch14-384_smoke.json|06_embedding_similarity/reports/20260519T200000Z_v243_siglip2-so400m-patch14-384_current_run.json|reports/canonical_smoke_summary_v230.json,True,20260519T200000Z_v243,False,,,,,,,,,,current_run,True,3,True,False,True,False,
swinv2-base,swinv2,classify,,MIT,True,,wired,smoke_passed,smoke_passed,,none,/home/arash/PycharmProjects/VisionServeX/notebook/_runs/20260519T200000Z_v243/reports/swinv2-base_smoke.json,current_run,smoke,True,True,3,05_classification/Classification_Smoke.ipynb,smoke,executed,/home/arash/PycharmProjects/VisionServeX/notebook/_runs/20260519T200000Z_v243/reports/swinv2-base_smoke.json|05_classification/reports/20260519T200000Z_v243_swinv2-base_current_run.json|reports/canonical_smoke_summary_v230.json,True,20260519T200000Z_v243,False,,,,,,,,,,current_run,True,3,True,False,True,False,
swinv2-large,swinv2,classify,,MIT,True,,stub,smoke_passed,smoke_passed,,none,05_classification/reports/20260519T200000Z_v243_swinv2-large_current_run.json,current_run,smoke,True,True,1,05_classification/Classification_Smoke.ipynb,smoke,executed,05_classification/reports/20260519T200000Z_v243_swinv2-large_current_run.json,True,20260519T200000Z_v243,False,,,,,,,,,,current_run,True,1,True,False,True,False,
swinv2-small,swinv2,classify,,MIT,True,,wired,smoke_passed,smoke_passed,,none,/home/arash/PycharmProjects/VisionServeX/notebook/_runs/20260519T200000Z_v243/reports/swinv2-small_smoke.json,current_run,smoke,True,True,3,05_classification/Classification_Smoke.ipynb,smoke,executed,/home/arash/PycharmProjects/VisionServeX/notebook/_runs/20260519T200000Z_v243/reports/swinv2-small_smoke.json|05_classification/reports/20260519T200000Z_v243_swinv2-small_current_run.json|reports/canonical_smoke_summary_v230.json,True,20260519T200000Z_v243,False,,,,,,,,,,current_run,True,3,True,False,True,False,
swinv2-tiny,swinv2,classify,,MIT,True,,wired,smoke_passed,smoke_passed,,none,/home/arash/PycharmProjects/VisionServeX/notebook/_runs/20260519T200000Z_v243/reports/swinv2-tiny_smoke.json,current_run,smoke,True,True,3,05_classification/Classification_Smoke.ipynb,smoke,executed,/home/arash/PycharmProjects/VisionServeX/notebook/_runs/20260519T200000Z_v243/reports/swinv2-tiny_smoke.json|05_classification/reports/20260519T200000Z_v243_swinv2-tiny_current_run.json|reports/canonical_smoke_summary_v230.json,True,20260519T200000Z_v243,False,,,,,,,,,,current_run,True,3,True,False,True,False,
totalsegmentator,totalsegmentator,segment,,Apache-2.0,False,,non_core_license_optional,opt_in_license_required,opt_in_license_required,OPT_IN_LICENSE_REQUIRED,external,02_automatic_segmentation/reports/20260519T200000Z_v243_totalsegmentator_current_run.json,current_run,blocked,True,True,1,02_automatic_segmentation/Automatic_Segmentation_Benchmark.ipynb,license_gate,executed,02_automatic_segmentation/reports/20260519T200000Z_v243_totalsegmentator_current_run.json,True,20260519T200000Z_v243,False,,,,,,,,,,current_run,True,1,True,False,False,False,
yolo-world,yolo-world,open_vocab_detect,,check,False,,do_not_add,license_blocked,license_blocked,LICENSE_RESTRICTION_TRIGGERED,external,04_open_vocab_vlm/reports/20260519T200000Z_v243_yolo-world_current_run.json,current_run,blocked,True,True,1,04_open_vocab_vlm/Open_Vocab_VLM_Demo.ipynb,license_gate,executed,04_open_vocab_vlm/reports/20260519T200000Z_v243_yolo-world_current_run.json,True,20260519T200000Z_v243,False,,,,,,,,,,current_run,True,1,True,False,False,False,
yolo11l-seg.pt,ultralytics,segment,,AGPL-3.0,False,,do_not_add,opt_in_license_required,opt_in_license_required,LICENSE_RESTRICTION_TRIGGERED,external,02_automatic_segmentation/reports/20260519T200000Z_v243_yolo11l-seg_pt_current_run.json,current_run,blocked,True,True,1,02_automatic_segmentation/Automatic_Segmentation_Benchmark.ipynb,license_gate,executed,02_automatic_segmentation/reports/20260519T200000Z_v243_yolo11l-seg_pt_current_run.json,True,20260519T200000Z_v243,False,,,,,,,,,,current_run,True,1,True,False,False,False,
yolo11x-seg.pt,ultralytics,segment,,AGPL-3.0,False,,do_not_add,opt_in_license_required,opt_in_license_required,LICENSE_RESTRICTION_TRIGGERED,external,02_automatic_segmentation/reports/20260519T200000Z_v243_yolo11x-seg_pt_current_run.json,current_run,blocked,True,True,1,02_automatic_segmentation/Automatic_Segmentation_Benchmark.ipynb,license_gate,executed,02_automatic_segmentation/reports/20260519T200000Z_v243_yolo11x-seg_pt_current_run.json,True,20260519T200000Z_v243,False,,,,,,,,,,current_run,True,1,True,False,False,False,
yolo11x.pt,ultralytics,detect,,AGPL-3.0,False,,do_not_add,opt_in_license_required,opt_in_license_required,LICENSE_RESTRICTION_TRIGGERED,external,01_object_detection/reports/20260519T200000Z_v243_yolo11x_pt_current_run.json,current_run,blocked,True,True,1,01_object_detection/Object_Detection_Benchmark.ipynb,license_gate,executed,01_object_detection/reports/20260519T200000Z_v243_yolo11x_pt_current_run.json,True,20260519T200000Z_v243,False,,,,,,,,,,current_run,True,1,True,False,False,False,
yolo26x-seg.pt,ultralytics,segment,,AGPL-3.0,False,,do_not_add,opt_in_license_required,opt_in_license_required,LICENSE_RESTRICTION_TRIGGERED,external,02_automatic_segmentation/reports/20260519T200000Z_v243_yolo26x-seg_pt_current_run.json,current_run,blocked,True,True,1,02_automatic_segmentation/Automatic_Segmentation_Benchmark.ipynb,license_gate,executed,02_automatic_segmentation/reports/20260519T200000Z_v243_yolo26x-seg_pt_current_run.json,True,20260519T200000Z_v243,False,,,,,,,,,,current_run,True,1,True,False,False,False,
yolo26x.pt,ultralytics,detect,,AGPL-3.0,False,,do_not_add,opt_in_license_required,opt_in_license_required,LICENSE_RESTRICTION_TRIGGERED,external,01_object_detection/reports/20260519T200000Z_v243_yolo26x_pt_current_run.json,current_run,blocked,True,True,1,01_object_detection/Object_Detection_Benchmark.ipynb,license_gate,executed,01_object_detection/reports/20260519T200000Z_v243_yolo26x_pt_current_run.json,True,20260519T200000Z_v243,False,,,,,,,,,,current_run,True,1,True,False,False,False,
yolov10b.pt,ultralytics,detect,,AGPL-3.0,False,,do_not_add,opt_in_license_required,opt_in_license_required,LICENSE_RESTRICTION_TRIGGERED,external,01_object_detection/reports/20260519T200000Z_v243_yolov10b_pt_current_run.json,current_run,blocked,True,True,1,01_object_detection/Object_Detection_Benchmark.ipynb,license_gate,executed,01_object_detection/reports/20260519T200000Z_v243_yolov10b_pt_current_run.json,True,20260519T200000Z_v243,False,,,,,,,,,,current_run,True,1,True,False,False,False,
yolov8x-seg.pt,ultralytics,segment,,AGPL-3.0,False,,do_not_add,opt_in_license_required,opt_in_license_required,LICENSE_RESTRICTION_TRIGGERED,external,02_automatic_segmentation/reports/20260519T200000Z_v243_yolov8x-seg_pt_current_run.json,current_run,blocked,True,True,1,02_automatic_segmentation/Automatic_Segmentation_Benchmark.ipynb,license_gate,executed,02_automatic_segmentation/reports/20260519T200000Z_v243_yolov8x-seg_pt_current_run.json,True,20260519T200000Z_v243,False,,,,,,,,,,current_run,True,1,True,False,False,False,
yolov8x.pt,ultralytics,detect,,AGPL-3.0,False,,do_not_add,opt_in_license_required,opt_in_license_required,LICENSE_RESTRICTION_TRIGGERED,external,01_object_detection/reports/20260519T200000Z_v243_yolov8x_pt_current_run.json,current_run,blocked,True,True,1,01_object_detection/Object_Detection_Benchmark.ipynb,license_gate,executed,01_object_detection/reports/20260519T200000Z_v243_yolov8x_pt_current_run.json,True,20260519T200000Z_v243,False,,,,,,,,,,current_run,True,1,True,False,False,False,
